temperature_K,residual_meV,acoustic_meV,optical_meV,total_FWHM_meV
0.000000000000000000e+00,1.800000000000000000e+01,0.000000000000000000e+00,0.000000000000000000e+00,1.800000000000000000e+01
1.000000000000000000e+00,1.800000000000000000e+01,2.500000000000000139e-02,3.848832056555175862e-125,1.802499999999999858e+01
2.000000000000000000e+00,1.800000000000000000e+01,5.000000000000000278e-02,3.824338088468339014e-62,1.805000000000000071e+01
3.000000000000000000e+00,1.800000000000000000e+01,7.500000000000001110e-02,3.816208121473534558e-41,1.807499999999999929e+01
4.000000000000000000e+00,1.800000000000000000e+01,1.000000000000000056e-01,1.205507558507191145e-30,1.810000000000000142e+01
5.000000000000000000e+00,1.800000000000000000e+01,1.250000000000000000e-01,2.403768665034247923e-24,1.812500000000000000e+01
6.000000000000000000e+00,1.800000000000000000e+01,1.500000000000000222e-01,3.808095437564482416e-20,1.814999999999999858e+01
7.000000000000000000e+00,1.800000000000000000e+01,1.750000000000000167e-01,3.806937891441134169e-17,1.817500000000000071e+01
8.000000000000000000e+00,1.800000000000000000e+01,2.000000000000000111e-01,6.768255847947334241e-15,1.820000000000000639e+01
9.000000000000000000e+00,1.800000000000000000e+01,2.250000000000000056e-01,3.805395043927992151e-13,1.822500000000038156e+01
1.000000000000000000e+01,1.800000000000000000e+01,2.500000000000000000e-01,9.557364138262566362e-12,1.825000000000955680e+01
1.100000000000000000e+01,1.800000000000000000e+01,2.750000000000000222e-01,1.335802543648675300e-10,1.827500000013357706e+01
1.200000000000000000e+01,1.800000000000000000e+01,3.000000000000000444e-01,1.202944830973608118e-09,1.830000000120294601e+01
1.300000000000000000e+01,1.800000000000000000e+01,3.250000000000000111e-01,7.725070844255688845e-09,1.832500000772506965e+01
1.400000000000000000e+01,1.800000000000000000e+01,3.500000000000000333e-01,3.803467367604911738e-08,1.835000003803467550e+01
1.500000000000000000e+01,1.800000000000000000e+01,3.750000000000000000e-01,1.514095571861037115e-07,1.837500015140955867e+01
1.600000000000000000e+01,1.800000000000000000e+01,4.000000000000000222e-01,5.071427107698008113e-07,1.840000050714271040e+01
1.700000000000000000e+01,1.800000000000000000e+01,4.250000000000000444e-01,1.473482918070588159e-06,1.842500147348291861e+01
1.800000000000000000e+01,1.800000000000000000e+01,4.500000000000000111e-01,3.802696945731961682e-06,1.845000380269694418e+01
1.900000000000000000e+01,1.800000000000000000e+01,4.750000000000000333e-01,8.881710476205813244e-06,1.847500888171047606e+01
2.000000000000000000e+01,1.800000000000000000e+01,5.000000000000000000e-01,1.905728736018972474e-05,1.850001905728736062e+01
2.100000000000000000e+01,1.800000000000000000e+01,5.250000000000000222e-01,3.802315029097116765e-05,1.852503802315029091e+01
2.200000000000000000e+01,1.800000000000000000e+01,5.500000000000000444e-01,7.124653465345111183e-05,1.855007124653465311e+01
2.300000000000000000e+01,1.800000000000000000e+01,5.750000000000000666e-01,1.264052973272334517e-04,1.857512640529732550e+01
2.400000000000000000e+01,1.800000000000000000e+01,6.000000000000000888e-01,2.138046256920923772e-04,1.860021380462569240e+01
2.500000000000000000e+01,1.800000000000000000e+01,6.250000000000000000e-01,3.467443346920081161e-04,1.862534674433469206e+01
2.600000000000000000e+01,1.800000000000000000e+01,6.500000000000000222e-01,5.418127565548577383e-04,1.865054181275655409e+01
2.700000000000000000e+01,1.800000000000000000e+01,6.750000000000000444e-01,8.190900964346974327e-04,1.867581909009643581e+01
2.800000000000000000e+01,1.800000000000000000e+01,7.000000000000000666e-01,1.202251660089934202e-03,1.870120225166008865e+01
2.900000000000000000e+01,1.800000000000000000e+01,7.250000000000000888e-01,1.718568592423216782e-03,1.872671856859242467e+01
3.000000000000000000e+01,1.800000000000000000e+01,7.500000000000000000e-01,2.398810033871366133e-03,1.875239881003387055e+01
3.100000000000000000e+01,1.800000000000000000e+01,7.750000000000000222e-01,3.277055536873301964e-03,1.877827705553687210e+01
3.200000000000000000e+01,1.800000000000000000e+01,8.000000000000000444e-01,4.390430065319567317e-03,1.880439043006532174e+01
3.300000000000000000e+01,1.800000000000000000e+01,8.250000000000000666e-01,5.778775984181699563e-03,1.883077877598418226e+01
3.400000000000000000e+01,1.800000000000000000e+01,8.500000000000000888e-01,7.484277306207457077e-03,1.885748427730620946e+01
3.500000000000000000e+01,1.800000000000000000e+01,8.750000000000000000e-01,9.551051327191518309e-03,1.888455105132719325e+01
3.600000000000000000e+01,1.800000000000000000e+01,9.000000000000000222e-01,1.202472189633804235e-02,1.891202472189633710e+01
3.700000000000000000e+01,1.800000000000000000e+01,9.250000000000000444e-01,1.495198716685863620e-02,1.893995198716686090e+01
3.800000000000000000e+01,1.800000000000000000e+01,9.500000000000000666e-01,1.838019295874048983e-02,1.896838019295874034e+01
3.900000000000000000e+01,1.800000000000000000e+01,9.750000000000000888e-01,2.235692100877114535e-02,1.899735692100877316e+01
4.000000000000000000e+01,1.800000000000000000e+01,1.000000000000000000e+00,2.692959951280431141e-02,1.902692959951280471e+01
4.100000000000000000e+01,1.800000000000000000e+01,1.025000000000000133e+00,3.214514157683372175e-02,1.905714514157683226e+01
4.200000000000000000e+01,1.800000000000000000e+01,1.050000000000000044e+00,3.804961555072668838e-02,1.908804961555072666e+01
4.300000000000000000e+01,1.800000000000000000e+01,1.074999999999999956e+00,4.468794975993772844e-02,1.911968794975993546e+01
4.400000000000000000e+01,1.800000000000000000e+01,1.100000000000000089e+00,5.210367289456715317e-02,1.915210367289456883e+01
4.500000000000000000e+01,1.800000000000000000e+01,1.125000000000000000e+00,6.033869026510235711e-02,1.918533869026510175e+01
4.600000000000000000e+01,1.800000000000000000e+01,1.150000000000000133e+00,6.943309528273963749e-02,1.921943309528273858e+01
4.700000000000000000e+01,1.800000000000000000e+01,1.175000000000000044e+00,7.942501485492321767e-02,1.925442501485492386e+01
4.800000000000000000e+01,1.800000000000000000e+01,1.200000000000000178e+00,9.035048688501133574e-02,1.929035048688501064e+01
4.900000000000000000e+01,1.800000000000000000e+01,1.225000000000000089e+00,1.022433677081177883e-01,1.932724336770811746e+01
5.000000000000000000e+01,1.800000000000000000e+01,1.250000000000000000e+00,1.151352670620533203e-01,1.936513526706205468e+01
5.100000000000000000e+01,1.800000000000000000e+01,1.275000000000000133e+00,1.290555080624279927e-01,1.940405550806242729e+01
5.200000000000000000e+01,1.800000000000000000e+01,1.300000000000000044e+00,1.440311096053016049e-01,1.944403110960530157e+01
5.300000000000000000e+01,1.800000000000000000e+01,1.325000000000000178e+00,1.600867886420077602e-01,1.948508678864200760e+01
5.400000000000000000e+01,1.800000000000000000e+01,1.350000000000000089e+00,1.772449798436727120e-01,1.952724497984367247e+01
5.500000000000000000e+01,1.800000000000000000e+01,1.375000000000000000e+00,1.955258702843187257e-01,1.957052587028431745e+01
5.600000000000000000e+01,1.800000000000000000e+01,1.400000000000000133e+00,2.149474469101158025e-01,1.961494744691011505e+01
5.700000000000000000e+01,1.800000000000000000e+01,1.425000000000000044e+00,2.355255547190153176e-01,1.966052555471901542e+01
5.800000000000000000e+01,1.800000000000000000e+01,1.450000000000000178e+00,2.572739637420641268e-01,1.970727396374206464e+01
5.900000000000000000e+01,1.800000000000000000e+01,1.475000000000000089e+00,2.802044430891143523e-01,1.975520444308911650e+01
6.000000000000000000e+01,1.800000000000000000e+01,1.500000000000000000e+00,3.043268404926058879e-01,1.980432684049260672e+01
6.100000000000000000e+01,1.800000000000000000e+01,1.525000000000000133e+00,3.296491659500135896e-01,1.985464916595001128e+01
6.200000000000000000e+01,1.800000000000000000e+01,1.550000000000000044e+00,3.561776782257221052e-01,1.990617767822572404e+01
6.300000000000000000e+01,1.800000000000000000e+01,1.575000000000000178e+00,3.839169731246328543e-01,1.995891697312463364e+01
6.400000000000000000e+01,1.800000000000000000e+01,1.600000000000000089e+00,4.128700725914827285e-01,2.001287007259148254e+01
6.500000000000000000e+01,1.800000000000000000e+01,1.625000000000000000e+00,4.430385138208920992e-01,2.006803851382089121e+01
6.600000000000000000e+01,1.800000000000000000e+01,1.650000000000000133e+00,4.744224376833238166e-01,2.012442243768332162e+01
6.700000000000000000e+01,1.800000000000000000e+01,1.675000000000000044e+00,5.070206758813214920e-01,2.018202067588132209e+01
6.800000000000000000e+01,1.800000000000000000e+01,1.700000000000000178e+00,5.408308363488993908e-01,2.024083083634889846e+01
6.900000000000000000e+01,1.800000000000000000e+01,1.725000000000000089e+00,5.758493864951981234e-01,2.030084938649519799e+01
7.000000000000000000e+01,1.800000000000000000e+01,1.750000000000000000e+00,6.120717339719720096e-01,2.036207173397197323e+01
7.100000000000000000e+01,1.800000000000000000e+01,1.775000000000000133e+00,6.494923047137829419e-01,2.042449230471378030e+01
7.200000000000000000e+01,1.800000000000000000e+01,1.800000000000000044e+00,6.881046180606373852e-01,2.048810461806063898e+01
7.300000000000000000e+01,1.800000000000000000e+01,1.825000000000000178e+00,7.279013588257996492e-01,2.055290135882579960e+01
7.400000000000000000e+01,1.800000000000000000e+01,1.850000000000000089e+00,7.688744462174337269e-01,2.061887444621743626e+01
7.500000000000000000e+01,1.800000000000000000e+01,1.875000000000000000e+00,8.110150995621303593e-01,2.068601509956213036e+01
7.600000000000000000e+01,1.800000000000000000e+01,1.900000000000000133e+00,8.543139008120241851e-01,2.075431390081202210e+01
7.700000000000000000e+01,1.800000000000000000e+01,1.925000000000000044e+00,8.987608538455703622e-01,2.082376085384557030e+01
7.800000000000000000e+01,1.800000000000000000e+01,1.950000000000000178e+00,9.443454405958079390e-01,2.089434544059580645e+01
7.900000000000000000e+01,1.800000000000000000e+01,1.975000000000000089e+00,9.910566740595903035e-01,2.096605667405959039e+01
8.000000000000000000e+01,1.800000000000000000e+01,2.000000000000000000e+00,1.038883148257253364e+00,2.103888314825725203e+01
8.100000000000000000e+01,1.800000000000000000e+01,2.024999999999999911e+00,1.087813085225032950e+00,2.111281308522503153e+01
8.200000000000000000e+01,1.800000000000000000e+01,2.050000000000000266e+00,1.137834379132611096e+00,2.118783437913261025e+01
8.300000000000000000e+01,1.800000000000000000e+01,2.075000000000000178e+00,1.188934637625811197e+00,2.126393463762580893e+01
8.400000000000000000e+01,1.800000000000000000e+01,2.100000000000000089e+00,1.241101220500062219e+00,2.134110122050006453e+01
8.500000000000000000e+01,1.800000000000000000e+01,2.125000000000000000e+00,1.294321275814037220e+00,2.141932127581403833e+01
8.600000000000000000e+01,1.800000000000000000e+01,2.149999999999999911e+00,1.348581773555181051e+00,2.149858177355518052e+01
8.700000000000000000e+01,1.800000000000000000e+01,2.175000000000000266e+00,1.403869536969818421e+00,2.157886953696981891e+01
8.800000000000000000e+01,1.800000000000000000e+01,2.200000000000000178e+00,1.460171271670512194e+00,2.166017127167051015e+01
8.900000000000000000e+01,1.800000000000000000e+01,2.225000000000000089e+00,1.517473592632325508e+00,2.174247359263232582e+01
9.000000000000000000e+01,1.800000000000000000e+01,2.250000000000000000e+00,1.575763049187974385e+00,2.182576304918797305e+01
9.100000000000000000e+01,1.800000000000000000e+01,2.274999999999999911e+00,1.635026148129564927e+00,2.191002614812956395e+01
9.200000000000000000e+01,1.800000000000000000e+01,2.300000000000000266e+00,1.695249375021827598e+00,2.199524937502182809e+01
9.300000000000000000e+01,1.800000000000000000e+01,2.325000000000000178e+00,1.756419213828586345e+00,2.208141921382858541e+01
9.400000000000000000e+01,1.800000000000000000e+01,2.350000000000000089e+00,1.818522164950853615e+00,2.216852216495085415e+01
9.500000000000000000e+01,1.800000000000000000e+01,2.375000000000000000e+00,1.881544761771204444e+00,2.225654476177120600e+01
9.600000000000000000e+01,1.800000000000000000e+01,2.400000000000000355e+00,1.945473585795374882e+00,2.234547358579537502e+01
9.700000000000000000e+01,1.800000000000000000e+01,2.425000000000000266e+00,2.010295280478147539e+00,2.243529528047814736e+01
9.800000000000000000e+01,1.800000000000000000e+01,2.450000000000000178e+00,2.075996563816682183e+00,2.252599656381668325e+01
9.900000000000000000e+01,1.800000000000000000e+01,2.475000000000000089e+00,2.142564239790509806e+00,2.261756423979051078e+01
1.000000000000000000e+02,1.800000000000000000e+01,2.500000000000000000e+00,2.209985208723622030e+00,2.270998520872362292e+01
1.010000000000000000e+02,1.800000000000000000e+01,2.525000000000000355e+00,2.278246476640153340e+00,2.280324647664015103e+01
1.020000000000000000e+02,1.800000000000000000e+01,2.550000000000000266e+00,2.347335163681510295e+00,2.289733516368151101e+01
1.030000000000000000e+02,1.800000000000000000e+01,2.575000000000000178e+00,2.417238511649116628e+00,2.299223851164911636e+01
1.040000000000000000e+02,1.800000000000000000e+01,2.600000000000000089e+00,2.487943890733387065e+00,2.308794389073338849e+01
1.050000000000000000e+02,1.800000000000000000e+01,2.625000000000000000e+00,2.559438805486171198e+00,2.318443880548617031e+01
1.060000000000000000e+02,1.800000000000000000e+01,2.650000000000000355e+00,2.631710900090592276e+00,2.328171090009059085e+01
1.070000000000000000e+02,1.800000000000000000e+01,2.675000000000000266e+00,2.704747962979024312e+00,2.337974796297902458e+01
1.080000000000000000e+02,1.800000000000000000e+01,2.700000000000000178e+00,2.778537930846951998e+00,2.347853793084695084e+01
1.090000000000000000e+02,1.800000000000000000e+01,2.725000000000000089e+00,2.853068892107564203e+00,2.357806889210756651e+01
1.100000000000000000e+02,1.800000000000000000e+01,2.750000000000000000e+00,2.928329089829141640e+00,2.367832908982914120e+01
1.110000000000000000e+02,1.800000000000000000e+01,2.775000000000000355e+00,3.004306924194695139e+00,2.377930692419469239e+01
1.120000000000000000e+02,1.800000000000000000e+01,2.800000000000000266e+00,3.080990954520839153e+00,2.388099095452083986e+01
1.130000000000000000e+02,1.800000000000000000e+01,2.825000000000000178e+00,3.158369900870452884e+00,2.398336990087045351e+01
1.140000000000000000e+02,1.800000000000000000e+01,2.850000000000000089e+00,3.236432645291511090e+00,2.408643264529151296e+01
1.150000000000000000e+02,1.800000000000000000e+01,2.875000000000000000e+00,3.315168232712336405e+00,2.419016823271233818e+01
1.160000000000000000e+02,1.800000000000000000e+01,2.900000000000000355e+00,3.394565871521445288e+00,2.429456587152144209e+01
1.170000000000000000e+02,1.800000000000000000e+01,2.925000000000000266e+00,3.474614933858423793e+00,2.439961493385842317e+01
1.180000000000000000e+02,1.800000000000000000e+01,2.950000000000000178e+00,3.555304955640328668e+00,2.450530495564032663e+01
1.190000000000000000e+02,1.800000000000000000e+01,2.975000000000000089e+00,3.636625636346545232e+00,2.461162563634654532e+01
1.200000000000000000e+02,1.800000000000000000e+01,3.000000000000000000e+00,3.718566838583430734e+00,2.471856683858343118e+01
1.210000000000000000e+02,1.800000000000000000e+01,3.025000000000000355e+00,3.801118587448565567e+00,2.482611858744856548e+01
1.220000000000000000e+02,1.800000000000000000e+01,3.050000000000000266e+00,3.884271069713063795e+00,2.493427106971306273e+01
1.230000000000000000e+02,1.800000000000000000e+01,3.075000000000000178e+00,3.968014632839134581e+00,2.504301463283913520e+01
1.240000000000000000e+02,1.800000000000000000e+01,3.100000000000000089e+00,4.052339783848756483e+00,2.515233978384875968e+01
1.250000000000000000e+02,1.800000000000000000e+01,3.125000000000000000e+00,4.137237188058296766e+00,2.526223718805829677e+01
1.260000000000000000e+02,1.800000000000000000e+01,3.150000000000000355e+00,4.222697667692796308e+00,2.537269766769279400e+01
1.270000000000000000e+02,1.800000000000000000e+01,3.175000000000000266e+00,4.308712200392570857e+00,2.548371220039257068e+01
1.280000000000000000e+02,1.800000000000000000e+01,3.200000000000000178e+00,4.395271917623954749e+00,2.559527191762395404e+01
1.290000000000000000e+02,1.800000000000000000e+01,3.225000000000000089e+00,4.482368103005058835e+00,2.570736810300505937e+01
1.300000000000000000e+02,1.800000000000000000e+01,3.250000000000000000e+00,4.569992190556617651e+00,2.581999219055661854e+01
1.310000000000000000e+02,1.800000000000000000e+01,3.275000000000000355e+00,4.658135762887228637e+00,2.593313576288722544e+01
1.320000000000000000e+02,1.800000000000000000e+01,3.300000000000000266e+00,4.746790549321610264e+00,2.604679054932161009e+01
1.330000000000000000e+02,1.800000000000000000e+01,3.325000000000000178e+00,4.835948423979762545e+00,2.616094842397976095e+01
1.340000000000000000e+02,1.800000000000000000e+01,3.350000000000000089e+00,4.925601403814372503e+00,2.627560140381437392e+01
1.350000000000000000e+02,1.800000000000000000e+01,3.375000000000000000e+00,5.015741646613194327e+00,2.639074164661319344e+01
1.360000000000000000e+02,1.800000000000000000e+01,3.400000000000000355e+00,5.106361448972585926e+00,2.650636144897258362e+01
1.370000000000000000e+02,1.800000000000000000e+01,3.425000000000000266e+00,5.197453244247879134e+00,2.662245324424787896e+01
1.380000000000000000e+02,1.800000000000000000e+01,3.450000000000000178e+00,5.289009600485852225e+00,2.673900960048585063e+01
1.390000000000000000e+02,1.800000000000000000e+01,3.475000000000000089e+00,5.381023218344049397e+00,2.685602321834404904e+01
1.400000000000000000e+02,1.800000000000000000e+01,3.500000000000000000e+00,5.473486929001336598e+00,2.697348692900133571e+01
1.410000000000000000e+02,1.800000000000000000e+01,3.525000000000000355e+00,5.566393692063742016e+00,2.709139369206373971e+01
1.420000000000000000e+02,1.800000000000000000e+01,3.550000000000000266e+00,5.659736593469189891e+00,2.720973659346919149e+01
1.430000000000000000e+02,1.800000000000000000e+01,3.575000000000000178e+00,5.753508843394502748e+00,2.732850884339450204e+01
1.440000000000000000e+02,1.800000000000000000e+01,3.600000000000000089e+00,5.847703774167689161e+00,2.744770377416769236e+01
1.450000000000000000e+02,1.800000000000000000e+01,3.625000000000000000e+00,5.942314838188280213e+00,2.756731483818828110e+01
1.460000000000000000e+02,1.800000000000000000e+01,3.650000000000000355e+00,6.037335605858230814e+00,2.768733560585823028e+01
1.470000000000000000e+02,1.800000000000000000e+01,3.675000000000000266e+00,6.132759763525583274e+00,2.780775976352558487e+01
1.480000000000000000e+02,1.800000000000000000e+01,3.700000000000000178e+00,6.228581111443015850e+00,2.792858111144301603e+01
1.490000000000000000e+02,1.800000000000000000e+01,3.725000000000000089e+00,6.324793561743048187e+00,2.804979356174305138e+01
1.500000000000000000e+02,1.800000000000000000e+01,3.750000000000000000e+00,6.421391136431559232e+00,2.817139113643155923e+01
1.510000000000000000e+02,1.800000000000000000e+01,3.775000000000000355e+00,6.518367965401075992e+00,2.829336796540107457e+01
1.520000000000000000e+02,1.800000000000000000e+01,3.800000000000000266e+00,6.615718284465161858e+00,2.841571828446516434e+01
1.530000000000000000e+02,1.800000000000000000e+01,3.825000000000000178e+00,6.713436433415019167e+00,2.853843643341501846e+01
1.540000000000000000e+02,1.800000000000000000e+01,3.850000000000000089e+00,6.811516854099334495e+00,2.866151685409933592e+01
1.550000000000000000e+02,1.800000000000000000e+01,3.875000000000000000e+00,6.909954088528277083e+00,2.878495408852827708e+01
1.560000000000000000e+02,1.800000000000000000e+01,3.900000000000000355e+00,7.008742777002352931e+00,2.890874277700235240e+01
1.570000000000000000e+02,1.800000000000000000e+01,3.925000000000000266e+00,7.107877656266846422e+00,2.903287765626684802e+01
1.580000000000000000e+02,1.800000000000000000e+01,3.950000000000000178e+00,7.207353557692361079e+00,2.915735355769236037e+01
1.590000000000000000e+02,1.800000000000000000e+01,3.975000000000000089e+00,7.307165405481930165e+00,2.928216540548193336e+01
1.600000000000000000e+02,1.800000000000000000e+01,4.000000000000000000e+00,7.407308214905091504e+00,2.940730821490509328e+01
1.610000000000000000e+02,1.800000000000000000e+01,4.025000000000000355e+00,7.507777090559240918e+00,2.953277709055923950e+01
1.620000000000000000e+02,1.800000000000000000e+01,4.049999999999999822e+00,7.608567224658450812e+00,2.965856722465845152e+01
1.630000000000000000e+02,1.800000000000000000e+01,4.075000000000000178e+00,7.709673895349971495e+00,2.978467389534997167e+01
1.640000000000000000e+02,1.800000000000000000e+01,4.100000000000000533e+00,7.811092465058503187e+00,2.991109246505850550e+01
1.650000000000000000e+02,1.800000000000000000e+01,4.125000000000000000e+00,7.912818378858294643e+00,3.003781837885829376e+01
1.660000000000000000e+02,1.800000000000000000e+01,4.150000000000000355e+00,8.014847162873056874e+00,3.016484716287305545e+01
1.670000000000000000e+02,1.800000000000000000e+01,4.174999999999999822e+00,8.117174422703694603e+00,3.029217442270369531e+01
1.680000000000000000e+02,1.800000000000000000e+01,4.200000000000000178e+00,8.219795841883714260e+00,3.041979584188371177e+01
1.690000000000000000e+02,1.800000000000000000e+01,4.225000000000000533e+00,8.322707180362240109e+00,3.054770718036224153e+01
1.700000000000000000e+02,1.800000000000000000e+01,4.250000000000000000e+00,8.425904273014468870e+00,3.067590427301446709e+01
1.710000000000000000e+02,1.800000000000000000e+01,4.275000000000000355e+00,8.529383028179372772e+00,3.080438302817937313e+01
1.720000000000000000e+02,1.800000000000000000e+01,4.299999999999999822e+00,8.633139426224429869e+00,3.093313942622442880e+01
1.730000000000000000e+02,1.800000000000000000e+01,4.325000000000000178e+00,8.737169518137196889e+00,3.106216951813719618e+01
1.740000000000000000e+02,1.800000000000000000e+01,4.350000000000000533e+00,8.841469424143431510e+00,3.119146942414343471e+01
1.750000000000000000e+02,1.800000000000000000e+01,4.375000000000000000e+00,8.946035332351437219e+00,3.132103533235143544e+01
1.760000000000000000e+02,1.800000000000000000e+01,4.400000000000000355e+00,9.050863497422479753e+00,3.145086349742247833e+01
1.770000000000000000e+02,1.800000000000000000e+01,4.424999999999999822e+00,9.155950239266807955e+00,3.158095023926680867e+01
1.780000000000000000e+02,1.800000000000000000e+01,4.450000000000000178e+00,9.261291941765058766e+00,3.171129194176505806e+01
1.790000000000000000e+02,1.800000000000000000e+01,4.475000000000000533e+00,9.366885051514692861e+00,3.184188505151469428e+01
1.800000000000000000e+02,1.800000000000000000e+01,4.500000000000000000e+00,9.472726076601057699e+00,3.197272607660105592e+01
1.810000000000000000e+02,1.800000000000000000e+01,4.525000000000000355e+00,9.578811585392854155e+00,3.210381158539285451e+01
1.820000000000000000e+02,1.800000000000000000e+01,4.549999999999999822e+00,9.685138205361493391e+00,3.223513820536149410e+01
1.830000000000000000e+02,1.800000000000000000e+01,4.575000000000000178e+00,9.791702621924105898e+00,3.236670262192410519e+01
1.840000000000000000e+02,1.800000000000000000e+01,4.600000000000000533e+00,9.898501577309732014e+00,3.249850157730973166e+01
1.850000000000000000e+02,1.800000000000000000e+01,4.625000000000000000e+00,1.000553186944842210e+01,3.263053186944841855e+01
1.860000000000000000e+02,1.800000000000000000e+01,4.650000000000000355e+00,1.011279035088278633e+01,3.276279035088278135e+01
1.870000000000000000e+02,1.800000000000000000e+01,4.674999999999999822e+00,1.022027392770164411e+01,3.289527392770164482e+01
1.880000000000000000e+02,1.800000000000000000e+01,4.700000000000000178e+00,1.032797955849540195e+01,3.302797955849540301e+01
1.890000000000000000e+02,1.800000000000000000e+01,4.725000000000000533e+00,1.043590425333277771e+01,3.316090425333278091e+01
1.900000000000000000e+02,1.800000000000000000e+01,4.750000000000000000e+00,1.054404507275846647e+01,3.329404507275846470e+01
1.910000000000000000e+02,1.800000000000000000e+01,4.775000000000000355e+00,1.065239912681141732e+01,3.342739912681141590e+01
1.920000000000000000e+02,1.800000000000000000e+01,4.800000000000000711e+00,1.076096357406328607e+01,3.356096357406328679e+01
1.930000000000000000e+02,1.800000000000000000e+01,4.825000000000000178e+00,1.086973562067672816e+01,3.369473562067672390e+01
1.940000000000000000e+02,1.800000000000000000e+01,4.850000000000000533e+00,1.097871251948316029e+01,3.382871251948316171e+01
1.950000000000000000e+02,1.800000000000000000e+01,4.875000000000000000e+00,1.108789156907959672e+01,3.396289156907959494e+01
1.960000000000000000e+02,1.800000000000000000e+01,4.900000000000000355e+00,1.119727011294416030e+01,3.409727011294415888e+01
1.970000000000000000e+02,1.800000000000000000e+01,4.925000000000000711e+00,1.130684553857003039e+01,3.423184553857002754e+01
1.980000000000000000e+02,1.800000000000000000e+01,4.950000000000000178e+00,1.141661527661732300e+01,3.436661527661732407e+01
1.990000000000000000e+02,1.800000000000000000e+01,4.975000000000000533e+00,1.152657680008260499e+01,3.450157680008260286e+01
2.000000000000000000e+02,1.800000000000000000e+01,5.000000000000000000e+00,1.163672762348572398e+01,3.463672762348572576e+01
2.010000000000000000e+02,1.800000000000000000e+01,5.025000000000000355e+00,1.174706530207356536e+01,3.477206530207356394e+01
2.020000000000000000e+02,1.800000000000000000e+01,5.050000000000000711e+00,1.185758743104036306e+01,3.490758743104036199e+01
2.030000000000000000e+02,1.800000000000000000e+01,5.075000000000000178e+00,1.196829164476432616e+01,3.504329164476432368e+01
2.040000000000000000e+02,1.800000000000000000e+01,5.100000000000000533e+00,1.207917561606014090e+01,3.517917561606014232e+01
2.050000000000000000e+02,1.800000000000000000e+01,5.125000000000000000e+00,1.219023705544708491e+01,3.531523705544708491e+01
2.060000000000000000e+02,1.800000000000000000e+01,5.150000000000000355e+00,1.230147371043238103e+01,3.545147371043238138e+01
2.070000000000000000e+02,1.800000000000000000e+01,5.175000000000000711e+00,1.241288336480956289e+01,3.558788336480956360e+01
2.080000000000000000e+02,1.800000000000000000e+01,5.200000000000000178e+00,1.252446383797138907e+01,3.572446383797138481e+01
2.090000000000000000e+02,1.800000000000000000e+01,5.225000000000000533e+00,1.263621298423715800e+01,3.586121298423715587e+01
2.100000000000000000e+02,1.800000000000000000e+01,5.250000000000000000e+00,1.274812869219402955e+01,3.599812869219402955e+01
2.110000000000000000e+02,1.800000000000000000e+01,5.275000000000000355e+00,1.286020888405204587e+01,3.613520888405204801e+01
2.120000000000000000e+02,1.800000000000000000e+01,5.300000000000000711e+00,1.297245151501262583e+01,3.627245151501262654e+01
2.130000000000000000e+02,1.800000000000000000e+01,5.325000000000000178e+00,1.308485457265019392e+01,3.640985457265018965e+01
2.140000000000000000e+02,1.800000000000000000e+01,5.350000000000000533e+00,1.319741607630664149e+01,3.654741607630664646e+01
2.150000000000000000e+02,1.800000000000000000e+01,5.375000000000000000e+00,1.331013407649846592e+01,3.668513407649846414e+01
2.160000000000000000e+02,1.800000000000000000e+01,5.400000000000000355e+00,1.342300665433613460e+01,3.682300665433613318e+01
2.170000000000000000e+02,1.800000000000000000e+01,5.425000000000000711e+00,1.353603192095556906e+01,3.696103192095556977e+01
2.180000000000000000e+02,1.800000000000000000e+01,5.450000000000000178e+00,1.364920801696138142e+01,3.709920801696138426e+01
2.190000000000000000e+02,1.800000000000000000e+01,5.475000000000000533e+00,1.376253311188168205e+01,3.723753311188168169e+01
2.200000000000000000e+02,1.800000000000000000e+01,5.500000000000000000e+00,1.387600540363413870e+01,3.737600540363413870e+01
2.210000000000000000e+02,1.800000000000000000e+01,5.525000000000000355e+00,1.398962311800312364e+01,3.751462311800312222e+01
2.220000000000000000e+02,1.800000000000000000e+01,5.550000000000000711e+00,1.410338450812763078e+01,3.765338450812762972e+01
2.230000000000000000e+02,1.800000000000000000e+01,5.575000000000000178e+00,1.421728785399975870e+01,3.779228785399975976e+01
2.240000000000000000e+02,1.800000000000000000e+01,5.600000000000000533e+00,1.433133146197354257e+01,3.793133146197354222e+01
2.250000000000000000e+02,1.800000000000000000e+01,5.625000000000000000e+00,1.444551366428389372e+01,3.807051366428389372e+01
2.260000000000000000e+02,1.800000000000000000e+01,5.650000000000000355e+00,1.455983281857542799e+01,3.820983281857542835e+01
2.270000000000000000e+02,1.800000000000000000e+01,5.675000000000000711e+00,1.467428730744096477e+01,3.834928730744096725e+01
2.280000000000000000e+02,1.800000000000000000e+01,5.700000000000000178e+00,1.478887553796949383e+01,3.848887553796949135e+01
2.290000000000000000e+02,1.800000000000000000e+01,5.725000000000000533e+00,1.490359594130339360e+01,3.862859594130339502e+01
2.300000000000000000e+02,1.800000000000000000e+01,5.750000000000000000e+00,1.501844697220469449e+01,3.876844697220469271e+01
2.310000000000000000e+02,1.800000000000000000e+01,5.775000000000000355e+00,1.513342710863018148e+01,3.890842710863017828e+01
2.320000000000000000e+02,1.800000000000000000e+01,5.800000000000000711e+00,1.524853485131522035e+01,3.904853485131522461e+01
2.330000000000000000e+02,1.800000000000000000e+01,5.825000000000000178e+00,1.536376872336596477e+01,3.918876872336596762e+01
2.340000000000000000e+02,1.800000000000000000e+01,5.850000000000000533e+00,1.547912726985991760e+01,3.932912726985991725e+01
2.350000000000000000e+02,1.800000000000000000e+01,5.875000000000000000e+00,1.559460905745454440e+01,3.946960905745454795e+01
2.360000000000000000e+02,1.800000000000000000e+01,5.900000000000000355e+00,1.571021267400385213e+01,3.961021267400384716e+01
2.370000000000000000e+02,1.800000000000000000e+01,5.925000000000000711e+00,1.582593672818266839e+01,3.975093672818266555e+01
2.380000000000000000e+02,1.800000000000000000e+01,5.950000000000000178e+00,1.594177984911859092e+01,3.989177984911859198e+01
2.390000000000000000e+02,1.800000000000000000e+01,5.975000000000000533e+00,1.605774068603121663e+01,4.003274068603121805e+01
2.400000000000000000e+02,1.800000000000000000e+01,6.000000000000000000e+00,1.617381790787877449e+01,4.017381790787877094e+01
2.410000000000000000e+02,1.800000000000000000e+01,6.025000000000000355e+00,1.629001020301171465e+01,4.031501020301170968e+01
2.420000000000000000e+02,1.800000000000000000e+01,6.050000000000000711e+00,1.640631627883335497e+01,4.045631627883335568e+01
2.430000000000000000e+02,1.800000000000000000e+01,6.075000000000000178e+00,1.652273486146721382e+01,4.059773486146721666e+01
2.440000000000000000e+02,1.800000000000000000e+01,6.100000000000000533e+00,1.663926469543104503e+01,4.073926469543104645e+01
2.450000000000000000e+02,1.800000000000000000e+01,6.125000000000000000e+00,1.675590454331737078e+01,4.088090454331737078e+01
2.460000000000000000e+02,1.800000000000000000e+01,6.150000000000000355e+00,1.687265318548029569e+01,4.102265318548029427e+01
2.470000000000000000e+02,1.800000000000000000e+01,6.175000000000000711e+00,1.698950941972864115e+01,4.116450941972864541e+01
2.480000000000000000e+02,1.800000000000000000e+01,6.200000000000000178e+00,1.710647206102505891e+01,4.130647206102506175e+01
2.490000000000000000e+02,1.800000000000000000e+01,6.225000000000000533e+00,1.722353994119113096e+01,4.144853994119112883e+01
2.500000000000000000e+02,1.800000000000000000e+01,6.250000000000000000e+00,1.734071190861832790e+01,4.159071190861833145e+01
2.510000000000000000e+02,1.800000000000000000e+01,6.275000000000000355e+00,1.745798682798459822e+01,4.173298682798459680e+01
2.520000000000000000e+02,1.800000000000000000e+01,6.300000000000000711e+00,1.757536357997654619e+01,4.187536357997655045e+01
2.530000000000000000e+02,1.800000000000000000e+01,6.325000000000000178e+00,1.769284106101705234e+01,4.201784106101705163e+01
2.540000000000000000e+02,1.800000000000000000e+01,6.350000000000000533e+00,1.781041818299823021e+01,4.216041818299822808e+01
2.550000000000000000e+02,1.800000000000000000e+01,6.375000000000000000e+00,1.792809387301961976e+01,4.230309387301961976e+01
2.560000000000000000e+02,1.800000000000000000e+01,6.400000000000000355e+00,1.804586707313142568e+01,4.244586707313142426e+01
2.570000000000000000e+02,1.800000000000000000e+01,6.425000000000000711e+00,1.816373674008280048e+01,4.258873674008280119e+01
2.580000000000000000e+02,1.800000000000000000e+01,6.450000000000000178e+00,1.828170184507497709e+01,4.273170184507497993e+01
2.590000000000000000e+02,1.800000000000000000e+01,6.475000000000000533e+00,1.839976137351922603e+01,4.287476137351922745e+01
2.600000000000000000e+02,1.800000000000000000e+01,6.500000000000000000e+00,1.851791432479940980e+01,4.301791432479940624e+01
2.610000000000000000e+02,1.800000000000000000e+01,6.525000000000000355e+00,1.863615971203919841e+01,4.316115971203919344e+01
2.620000000000000000e+02,1.800000000000000000e+01,6.550000000000000711e+00,1.875449656187374003e+01,4.330449656187374075e+01
2.630000000000000000e+02,1.800000000000000000e+01,6.575000000000000178e+00,1.887292391422566240e+01,4.344792391422566169e+01
2.640000000000000000e+02,1.800000000000000000e+01,6.600000000000000533e+00,1.899144082208542272e+01,4.359144082208542414e+01
2.650000000000000000e+02,1.800000000000000000e+01,6.625000000000000000e+00,1.911004635129585694e+01,4.373504635129585694e+01
2.660000000000000000e+02,1.800000000000000000e+01,6.650000000000000355e+00,1.922873958034076480e+01,4.387873958034076338e+01
2.670000000000000000e+02,1.800000000000000000e+01,6.675000000000000711e+00,1.934751960013762329e+01,4.402251960013762755e+01
2.680000000000000000e+02,1.800000000000000000e+01,6.700000000000000178e+00,1.946638551383416882e+01,4.416638551383417166e+01
2.690000000000000000e+02,1.800000000000000000e+01,6.725000000000000533e+00,1.958533643660882362e+01,4.431033643660882149e+01
2.700000000000000000e+02,1.800000000000000000e+01,6.750000000000000000e+00,1.970437149547491273e+01,4.445437149547491629e+01
2.710000000000000000e+02,1.800000000000000000e+01,6.775000000000000355e+00,1.982348982908862567e+01,4.459848982908862070e+01
2.720000000000000000e+02,1.800000000000000000e+01,6.800000000000000711e+00,1.994269058756046320e+01,4.474269058756046036e+01
2.730000000000000000e+02,1.800000000000000000e+01,6.825000000000000178e+00,2.006197293227037193e+01,4.488697293227036766e+01
2.740000000000000000e+02,1.800000000000000000e+01,6.850000000000000533e+00,2.018133603568622547e+01,4.503133603568622334e+01
2.750000000000000000e+02,1.800000000000000000e+01,6.875000000000000000e+00,2.030077908118576602e+01,4.517577908118576602e+01
2.760000000000000000e+02,1.800000000000000000e+01,6.900000000000000355e+00,2.042030126288182146e+01,4.532030126288182004e+01
2.770000000000000000e+02,1.800000000000000000e+01,6.925000000000000711e+00,2.053990178545083367e+01,4.546490178545083438e+01
2.780000000000000000e+02,1.800000000000000000e+01,6.950000000000000178e+00,2.065957986396445989e+01,4.560957986396445563e+01
2.790000000000000000e+02,1.800000000000000000e+01,6.975000000000000533e+00,2.077933472372443191e+01,4.575433472372443333e+01
2.800000000000000000e+02,1.800000000000000000e+01,7.000000000000000000e+00,2.089916560010035695e+01,4.589916560010036051e+01
2.810000000000000000e+02,1.800000000000000000e+01,7.025000000000000355e+00,2.101907173837056675e+01,4.604407173837056177e+01
2.820000000000000000e+02,1.800000000000000000e+01,7.050000000000000711e+00,2.113905239356584431e+01,4.618905239356584502e+01
2.830000000000000000e+02,1.800000000000000000e+01,7.075000000000000178e+00,2.125910683031609594e+01,4.633410683031609523e+01
2.840000000000000000e+02,1.800000000000000000e+01,7.100000000000000533e+00,2.137923432269970903e+01,4.647923432269971045e+01
2.850000000000000000e+02,1.800000000000000000e+01,7.125000000000000000e+00,2.149943415409580894e+01,4.662443415409580894e+01
2.860000000000000000e+02,1.800000000000000000e+01,7.150000000000000355e+00,2.161970561703908800e+01,4.676970561703908658e+01
2.870000000000000000e+02,1.800000000000000000e+01,7.175000000000000711e+00,2.174004801307729906e+01,4.691504801307729622e+01
2.880000000000000000e+02,1.800000000000000000e+01,7.200000000000000178e+00,2.186046065263141003e+01,4.706046065263140576e+01
2.890000000000000000e+02,1.800000000000000000e+01,7.225000000000000533e+00,2.198094285485815291e+01,4.720594285485815078e+01
2.900000000000000000e+02,1.800000000000000000e+01,7.250000000000000000e+00,2.210149394751519480e+01,4.735149394751519480e+01
2.910000000000000000e+02,1.800000000000000000e+01,7.275000000000000355e+00,2.222211326682863941e+01,4.749711326682863444e+01
2.920000000000000000e+02,1.800000000000000000e+01,7.300000000000000711e+00,2.234280015736292668e+01,4.764280015736292739e+01
2.930000000000000000e+02,1.800000000000000000e+01,7.325000000000000178e+00,2.246355397189313052e+01,4.778855397189312981e+01
2.940000000000000000e+02,1.800000000000000000e+01,7.350000000000000533e+00,2.258437407127940943e+01,4.793437407127940730e+01
2.950000000000000000e+02,1.800000000000000000e+01,7.375000000000000000e+00,2.270525982434385526e+01,4.808025982434385526e+01
2.960000000000000000e+02,1.800000000000000000e+01,7.400000000000000355e+00,2.282621060774938826e+01,4.822621060774938684e+01
2.970000000000000000e+02,1.800000000000000000e+01,7.425000000000000711e+00,2.294722580588091532e+01,4.837222580588091603e+01
2.980000000000000000e+02,1.800000000000000000e+01,7.450000000000000178e+00,2.306830481072849537e+01,4.851830481072849466e+01
2.990000000000000000e+02,1.800000000000000000e+01,7.475000000000000533e+00,2.318944702177268624e+01,4.866444702177268766e+01
3.000000000000000000e+02,1.800000000000000000e+01,7.500000000000000000e+00,2.331065184587177441e+01,4.881065184587177441e+01
3.010000000000000000e+02,1.800000000000000000e+01,7.525000000000000355e+00,2.343191869715111153e+01,4.895691869715111011e+01
3.020000000000000000e+02,1.800000000000000000e+01,7.550000000000000711e+00,2.355324699689431256e+01,4.910324699689431327e+01
3.030000000000000000e+02,1.800000000000000000e+01,7.575000000000000178e+00,2.367463617343639015e+01,4.924963617343638589e+01
3.040000000000000000e+02,1.800000000000000000e+01,7.600000000000000533e+00,2.379608566205877196e+01,4.939608566205877338e+01
3.050000000000000000e+02,1.800000000000000000e+01,7.625000000000000000e+00,2.391759490488610496e+01,4.954259490488610140e+01
3.060000000000000000e+02,1.800000000000000000e+01,7.650000000000000355e+00,2.403916335078488586e+01,4.968916335078488089e+01
3.070000000000000000e+02,1.800000000000000000e+01,7.675000000000000711e+00,2.416079045526382529e+01,4.983579045526382600e+01
3.080000000000000000e+02,1.800000000000000000e+01,7.700000000000000178e+00,2.428247568037598469e+01,4.998247568037598398e+01
3.090000000000000000e+02,1.800000000000000000e+01,7.725000000000000533e+00,2.440421849462251913e+01,5.012921849462252055e+01
3.100000000000000000e+02,1.800000000000000000e+01,7.750000000000000000e+00,2.452601837285816444e+01,5.027601837285816089e+01
3.110000000000000000e+02,1.800000000000000000e+01,7.775000000000000355e+00,2.464787479619829469e+01,5.042287479619829327e+01
3.120000000000000000e+02,1.800000000000000000e+01,7.800000000000000711e+00,2.476978725192758191e+01,5.056978725192757906e+01
3.130000000000000000e+02,1.800000000000000000e+01,7.825000000000000178e+00,2.489175523341023322e+01,5.071675523341023251e+01
3.140000000000000000e+02,1.800000000000000000e+01,7.850000000000000533e+00,2.501377824000174144e+01,5.086377824000174286e+01
3.150000000000000000e+02,1.800000000000000000e+01,7.875000000000000000e+00,2.513585577696214912e+01,5.101085577696214557e+01
3.160000000000000000e+02,1.800000000000000000e+01,7.900000000000000355e+00,2.525798735537077988e+01,5.115798735537077846e+01
3.170000000000000000e+02,1.800000000000000000e+01,7.925000000000000711e+00,2.538017249204240144e+01,5.130517249204240215e+01
3.180000000000000000e+02,1.800000000000000000e+01,7.950000000000000178e+00,2.550241070944485955e+01,5.145241070944486239e+01
3.190000000000000000e+02,1.800000000000000000e+01,7.975000000000000533e+00,2.562470153561799791e+01,5.159970153561799577e+01
3.200000000000000000e+02,1.800000000000000000e+01,8.000000000000000000e+00,2.574704450409403833e+01,5.174704450409403478e+01
3.210000000000000000e+02,1.800000000000000000e+01,8.025000000000000355e+00,2.586943915381927894e+01,5.189443915381927752e+01
3.220000000000000000e+02,1.800000000000000000e+01,8.050000000000000711e+00,2.599188502907705711e+01,5.204188502907705782e+01
3.230000000000000000e+02,1.800000000000000000e+01,8.075000000000001066e+00,2.611438167941203403e+01,5.218938167941203687e+01
3.240000000000000000e+02,1.800000000000000000e+01,8.099999999999999645e+00,2.623692865955572273e+01,5.233692865955572415e+01
3.250000000000000000e+02,1.800000000000000000e+01,8.125000000000000000e+00,2.635952552935330573e+01,5.248452552935330573e+01
3.260000000000000000e+02,1.800000000000000000e+01,8.150000000000000355e+00,2.648217185369157534e+01,5.263217185369157392e+01
3.270000000000000000e+02,1.800000000000000000e+01,8.175000000000000711e+00,2.660486720242816006e+01,5.277986720242816432e+01
3.280000000000000000e+02,1.800000000000000000e+01,8.200000000000001066e+00,2.672761115032183454e+01,5.292761115032183739e+01
3.290000000000000000e+02,1.800000000000000000e+01,8.224999999999999645e+00,2.685040327696407303e+01,5.307540327696407445e+01
3.300000000000000000e+02,1.800000000000000000e+01,8.250000000000000000e+00,2.697324316671160460e+01,5.322324316671160460e+01
3.310000000000000000e+02,1.800000000000000000e+01,8.275000000000000355e+00,2.709613040862019417e+01,5.337113040862018920e+01
3.320000000000000000e+02,1.800000000000000000e+01,8.300000000000000711e+00,2.721906459637944309e+01,5.351906459637944380e+01
3.330000000000000000e+02,1.800000000000000000e+01,8.325000000000001066e+00,2.734204532824864486e+01,5.366704532824864771e+01
3.340000000000000000e+02,1.800000000000000000e+01,8.349999999999999645e+00,2.746507220699373875e+01,5.381507220699374017e+01
3.350000000000000000e+02,1.800000000000000000e+01,8.375000000000000000e+00,2.758814483982520471e+01,5.396314483982520471e+01
3.360000000000000000e+02,1.800000000000000000e+01,8.400000000000000355e+00,2.771126283833705628e+01,5.411126283833705486e+01
3.370000000000000000e+02,1.800000000000000000e+01,8.425000000000000711e+00,2.783442581844675701e+01,5.425942581844675772e+01
3.380000000000000000e+02,1.800000000000000000e+01,8.450000000000001066e+00,2.795763340033613176e+01,5.440763340033613815e+01
3.390000000000000000e+02,1.800000000000000000e+01,8.474999999999999645e+00,2.808088520839320523e+01,5.455588520839320665e+01
3.400000000000000000e+02,1.800000000000000000e+01,8.500000000000000000e+00,2.820418087115499972e+01,5.470418087115500327e+01
3.410000000000000000e+02,1.800000000000000000e+01,8.525000000000000355e+00,2.832752002125125657e+01,5.485252002125125159e+01
3.420000000000000000e+02,1.800000000000000000e+01,8.550000000000000711e+00,2.845090229534899606e+01,5.500090229534899322e+01
3.430000000000000000e+02,1.800000000000000000e+01,8.575000000000001066e+00,2.857432733409804726e+01,5.514932733409804655e+01
3.440000000000000000e+02,1.800000000000000000e+01,8.599999999999999645e+00,2.869779478207739132e+01,5.529779478207738919e+01
3.450000000000000000e+02,1.800000000000000000e+01,8.625000000000000000e+00,2.882130428774233977e+01,5.544630428774233621e+01
3.460000000000000000e+02,1.800000000000000000e+01,8.650000000000000355e+00,2.894485550337260094e+01,5.559485550337259951e+01
3.470000000000000000e+02,1.800000000000000000e+01,8.675000000000000711e+00,2.906844808502114930e+01,5.574344808502115001e+01
3.480000000000000000e+02,1.800000000000000000e+01,8.700000000000001066e+00,2.919208169246385154e+01,5.589208169246385438e+01
3.490000000000000000e+02,1.800000000000000000e+01,8.724999999999999645e+00,2.931575598914995950e+01,5.604075598914995737e+01
3.500000000000000000e+02,1.800000000000000000e+01,8.750000000000000000e+00,2.943947064215332432e+01,5.618947064215332432e+01
